,Pro-Mit,Monitoring ,Con & Res,Budget,OUV,Unfenced ,OGE,Usage ,Preservation ,Flooding,Wind, landscape,Excavation,Local income,Sustainability,Tourism,ComV,Precipitations,Abandonment,Erosion,Accessibility,ResDev,OG,US,Wild plants,Temperature,LA,HR,TF,Phy-Fab,MP,Material type,Conflict ,NGV,Stray animals
0,0.0,0.1,0.0,0.25,0.75,1.0,0.25,0.0,0.0,0.0,0.1,0.75,0.0,0.0,0.0,0.0,0.2,0.0,0.0,0.2,0.2,0.0,0.5,0.0,0.0,0.1,0.1,0.1,0.25,0.75,0.25,0.5,0.5,0.25,0.0
1,0.0,0.4043192693921528,0.0,0.5031249593105316,0.8175744761936437,1.0,0.25,0.0,0.0,0.0,0.1,0.4250482741956589,0.0,0.0,0.0,0.0,0.2,0.0,0.0,0.5482865417959778,0.2,0.0,0.5,0.0,0.0,0.1,0.46879062662624377,0.1,0.25,0.4714596290177348,0.6370307944803831,0.5,0.5,0.25,0.0
2,0.0,0.4043192693921528,0.0,0.5031249593105316,0.7102313473584534,1.0,0.25,0.0,0.0,0.0,0.1,0.4250482741956589,0.0,0.0,0.0,0.0,0.2,0.0,0.0,0.5482865417959778,0.2,0.0,0.5,0.0,0.0,0.1,0.4210375994673535,0.1,0.25,0.42230784233150176,0.6370307944803831,0.5,0.5,0.25,0.0
3,0.0,0.4043192693921528,0.0,0.5031249593105316,0.7000122336468505,1.0,0.25,0.0,0.0,0.0,0.1,0.4250482741956589,0.0,0.0,0.0,0.0,0.2,0.0,0.0,0.5482865417959778,0.2,0.0,0.5,0.0,0.0,0.1,0.4210375994673535,0.1,0.25,0.42230784233150176,0.6370307944803831,0.5,0.5,0.25,0.0
4,0.0,0.4043192693921528,0.0,0.5031249593105316,0.7000122336468505,1.0,0.25,0.0,0.0,0.0,0.1,0.4250482741956589,0.0,0.0,0.0,0.0,0.2,0.0,0.0,0.5482865417959778,0.2,0.0,0.5,0.0,0.0,0.1,0.4210375994673535,0.1,0.25,0.42230784233150176,0.6370307944803831,0.5,0.5,0.25,0.0
